insert into feedme.recipes VALUES ('CourgetteLinguine', 'Courgette Linguine', 'A beautiful Summery Courgette Linguine with fresh mint and lemon', 'italian');

insert into feedme.recipe_ingredients values('CourgetteLinguine','Courgette','courgettes, cut into ribbons with a peeler', 2,'unit');
insert into feedme.recipe_ingredients values('CourgetteLinguine','Onion','onions, thinly sliced',0.5,'unit');
insert into feedme.recipe_ingredients values('CourgetteLinguine','Lemon','lemon',1,'unit');
insert into feedme.recipe_ingredients values('CourgetteLinguine','Chilli Flakes','chilli flakes',2,'tspn');
insert into feedme.recipe_ingredients values('CourgetteLinguine','Fresh Mint','fresh mint, cut coarsely',1,'packer');
insert into feedme.recipe_ingredients values('CourgetteLinguine','Linguine','linguine',300,'gram');
insert into feedme.recipe_ingredients values('CourgetteLinguine','Parmesan','grated parmesan cheese',50,'gram');
insert into feedme.recipe_ingredients values('CourgetteLinguine','Olive Oil','olive oil',1,'tblspn');


insert into feedme.recipe_steps values('CourgetteLinguine', 1, 0, 'Start boiling linguine in lightly salted water');
insert into feedme.recipe_steps values('CourgetteLinguine', 2, 1, 'Prepare your ingredients. Thinly slice onions, create courgette ribbons using a peeler, and grate zest of lemon and parmesan');
insert into feedme.recipe_steps values('CourgetteLinguine', 3, 6, 'Under a low heat, fry courgette and onions with a spoon of olive oil');
insert into feedme.recipe_steps values('CourgetteLinguine', 4, 10, 'Add lemon zest, juice of half a lemon, and chilli flakes to the frying pan');
insert into feedme.recipe_steps values('CourgetteLinguine', 5, 12, 'Add linguine and some of the boiling water to the pan. Add olive oil and parmesan, and continue to boil in the pan for two minutes');
insert into feedme.recipe_steps values('CourgetteLinguine', 6, 14, 'Serve on dishes, and garnish with fresh chopped mint');



insert into feedme.recipes VALUES ('ChickenCourgettePie', 'Chicken and Courgette Pie', 'A hearty mediterranean alternative to the classic British chicken and leek pie', 'british');

insert into feedme.recipe_ingredients values('ChickenCourgettePie','Courgette','courgettes, diced', 1,'unit');
insert into feedme.recipe_ingredients values('ChickenCourgettePie','Aubergine','aubergine, diced', 1,'unit');
insert into feedme.recipe_ingredients values('ChickenCourgettePie','RedOnion','red onions, thickly sliced',2,'unit');
insert into feedme.recipe_ingredients values('ChickenCourgettePie','Tomato','tin of peeled, plum tomatoes',1,'unit');
insert into feedme.recipe_ingredients values('ChickenCourgettePie','Chicken','chicken thighs, sliced',2,'unit');
insert into feedme.recipe_ingredients values('ChickenCourgettePie','Oregano','dried oregano',1,'tspn');
insert into feedme.recipe_ingredients values('ChickenCourgettePie','BayLeaf','bay leaf',1,'unit');
insert into feedme.recipe_ingredients values('ChickenCourgettePie','PuffPastry','packets of puff-pastry',1,'unit');
insert into feedme.recipe_ingredients values('ChickenCourgettePie','Olive Oil','olive oil',1,'tblspn');


insert into feedme.recipe_steps values('ChickenCourgettePie', 1, 0, 'Turn the oven to 220C');
insert into feedme.recipe_steps values('ChickenCourgettePie', 2, 1, 'Chop all your ingredients coarsely, and the chicken thighs too');
insert into feedme.recipe_steps values('ChickenCourgettePie', 3, 6, 'Fry the chicken in one pan under a medium heat. In another pan, fry your vegetables under a low heat');
insert into feedme.recipe_steps values('ChickenCourgettePie', 4, 8, 'In a baking dish, lay out your puff pastry, keeping some for a lid. Place in the oven to blind bake');
insert into feedme.recipe_steps values('ChickenCourgettePie', 5, 11, 'Add chicken to the pan with vegetables, add a tin of chopped tomatoes, some oregano, and let reduce');
insert into feedme.recipe_steps values('ChickenCourgettePie', 6, 12, 'Remove your pastry from the oven, and turn the heat down to 160C');
insert into feedme.recipe_steps values('ChickenCourgettePie', 7, 16, 'Add your chicken and pastry mix to the dish, place remainign pastry on as a lid, and place in the oven and wait');
insert into feedme.recipe_steps values('ChickenCourgettePie', 8, 60, 'Remove your pie from the oven and enjoy');

